Name,Model,Platform,Output
ChatGPT via Web UI,ChatGPT web UI,ChatGPT,"President-elect Donald Trump has announced the creation of the Department of Government Efficiency (DOGE), appointing tech entrepreneur Elon Musk and biotech entrepreneur Vivek Ramaswamy as co-leaders. This initiative aims to streamline government operations by reducing bureaucracy, cutting unnecessary regulations, and restructuring federal agencies. The department's work is set to conclude by July 4, 2026, aligning with the 250th anniversary of the Declaration of Independence. 

Musk, CEO of Tesla and SpaceX, has been a vocal supporter of Trump's campaign, contributing significant resources and public endorsements. Ramaswamy, a biotech entrepreneur and former Republican presidential candidate, endorsed Trump after suspending his own campaign. 

The acronym DOGE is a nod to the Dogecoin cryptocurrency, which Musk has previously promoted. This appointment reflects Trump's strategy to involve private sector leaders in government roles to enhance efficiency and reduce spending. 

 "
Perplexity via Web UI,GPT 4 omni + proprietary,Perplexity web UI,"It appears you are referencing a hypothetical scenario involving President-elect Donald Trump announcing the creation of the ""Department of Government Efficiency"" (DOGE), with Elon Musk and Vivek Ramaswamy appointed as co-leaders. This initiative, as described, aims to streamline government operations by reducing bureaucracy, cutting unnecessary regulations, and restructuring federal agencies, with a target completion date of July 4, 2026, which coincides with the 250th anniversary of the Declaration of Independence.

This scenario reflects several key themes:

1. **Private Sector Leadership in Government**: By appointing tech entrepreneur Elon Musk and biotech entrepreneur Vivek Ramaswamy to lead this initiative, Trump would be continuing a trend of involving private sector leaders in government roles. Both Musk and Ramaswamy are known for their disruptive approaches to business and innovation. Musk's leadership at Tesla and SpaceX has focused on technological advancements and operational efficiency, while Ramaswamy's background in biotech and his political involvement suggest a focus on innovation and regulatory reform.

2. **Focus on Efficiency**: The creation of a ""Department of Government Efficiency"" would signal an intention to streamline federal operations by cutting bureaucracy and unnecessary regulations. This aligns with long-standing conservative goals of reducing government size and spending. The appointment of figures like Musk and Ramaswamy suggests a focus on applying business principles to government operations.

3. **Symbolism of DOGE**: The acronym ""DOGE"" is a playful nod to Dogecoin, a cryptocurrency that Elon Musk has famously promoted on social media. While this may seem lighthearted, it could also symbolize an embrace of modern technology trends like cryptocurrency, which Musk has been involved in promoting as part of his broader vision for technological disruption.

4. **Political Strategy**: Trump’s decision to involve high-profile entrepreneurs like Musk and Ramaswamy could be seen as part of his broader strategy to appeal to both business-minded voters and those who favor reducing government intervention in the economy. Both Musk and Ramaswamy have been vocal supporters of Trump's policies, with Ramaswamy endorsing Trump after suspending his own presidential campaign.

5. **Timeline**: The department's work is set to conclude by July 4, 2026. This date is significant as it marks the 250th anniversary of the United States' Declaration of Independence, symbolizing a potential ""rebirth"" or renewal of American governance through increased efficiency and reduced bureaucracy.

In summary, this hypothetical initiative would reflect Trump's emphasis on leveraging private sector expertise to reform government operations, with the symbolic use of ""DOGE"" adding a modern twist that aligns with contemporary technological trends."
Tavily,Tavily via web UI,Tavily web UI,"# Report on the Formation of the Department of Government Efficiency

## Introduction

On November 13, 2024, President-elect Donald Trump announced the creation of a new governmental body named the Department of Government Efficiency (DOGE). This department is set to be co-led by two prominent figures in the entrepreneurial world: Elon Musk, CEO of Tesla and SpaceX, and Vivek Ramaswamy, a biotech entrepreneur and former Republican presidential candidate. The initiative is part of Trump's broader agenda to streamline government operations, reduce bureaucracy, and enhance efficiency ([Al Jazeera](https://www.aljazeera.com/news/2024/11/13/trump-names-musk-and-ramaswamy-to-head-new-government-efficiency-department)).

## Background and Context

The announcement follows President-elect Trump's campaign promise to overhaul government operations by minimizing bureaucratic red tape and cutting unnecessary expenditures. The Department of Government Efficiency aims to address these issues by implementing drastic changes in how federal agencies operate. Trump's choice of leaders, Musk and Ramaswamy, underscores his intention to bring private sector innovation and efficiency into the public sphere ([NBC News](https://www.nbcnews.com/tech/tech-news/trump-says-elon-musk-will-lead-department-government-efficiency-vivek-rcna179899)).

## Leadership and Objectives

### Elon Musk

Elon Musk, known for his revolutionary work in the tech and automotive industries, is tasked with bringing his innovative mindset to the federal government. Musk's leadership in companies like Tesla and SpaceX has been marked by a focus on cutting-edge technology and efficiency, qualities that are expected to be pivotal in his new role. His involvement in the DOGE aligns with Trump's vision of leveraging technological advancements to enhance government functionality ([TechCrunch](https://techcrunch.com/2024/11/12/donald-trump-announces-elon-musk-will-co-lead-department-of-government-efficiency/)).

### Vivek Ramaswamy

Vivek Ramaswamy, a prominent figure in the biotech industry and a conservative activist, joins Musk as co-leader. Ramaswamy's experience in navigating complex regulatory environments in the biotech sector is seen as a valuable asset for the department's mission to dismantle bureaucratic inefficiencies. His role will likely focus on regulatory reform and the reduction of government waste ([WIRED](https://www.wired.com/story/donald-trump-elon-musk-department-of-government-efficiency/)).

## Implications and Challenges

The establishment of the Department of Government Efficiency marks a significant shift in how the U.S. government may operate under Trump's administration. By appointing leaders from the private sector, Trump signals a departure from traditional government operations, potentially leading to innovative approaches in public administration. However, this initiative also faces challenges, such as potential resistance from entrenched bureaucratic entities and the complexities of implementing private-sector efficiency models in a government context ([NPR](https://www.npr.org/2024/11/12/g-s1-33972/trump-elon-musk-vivek-ramaswamy-doge-government-efficiency-deep-state)).

### Potential Benefits

The potential benefits of this initiative include streamlined government processes, reduced wasteful spending, and improved public service delivery. By cutting through bureaucratic red tape, the DOGE aims to enhance the responsiveness and effectiveness of federal agencies, ultimately benefiting taxpayers and citizens alike ([Sky News](https://news.sky.com/story/donald-trump-confirms-elon-musk-will-co-lead-new-department-of-government-efficiency-13253406)).

### Criticisms and Concerns

Despite the potential benefits, the formation of the DOGE has not been without criticism. Skeptics question the feasibility of applying private-sector strategies to government operations, which are inherently different in scope and purpose. Additionally, concerns about the lack of Senate oversight for Musk and Ramaswamy, as they will not be federal employees, raise questions about accountability and transparency ([WIRED](https://www.wired.com/story/donald-trump-elon-musk-department-of-government-efficiency/)).

## Conclusion

The creation of the Department of Government Efficiency represents a bold move by President-elect Donald Trump to reform government operations through private-sector expertise. With Elon Musk and Vivek Ramaswamy at the helm, the department aims to introduce innovative practices and reduce bureaucratic inefficiencies. While the initiative holds promise for enhancing government efficiency, it also faces significant challenges and scrutiny. As the department begins its work, its impact on federal operations and public perception will be closely monitored.

## References

Al Jazeera. ""Trump Names Musk and Ramaswamy to Head New Government Efficiency Department."" November 13, 2024. https://www.aljazeera.com/news/2024/11/13/trump-names-musk-and-ramaswamy-to-head-new-government-efficiency-department

NBC News. ""Trump Says Elon Musk Will Lead Department of Government Efficiency with Vivek Ramaswamy."" November 12, 2024. https://www.nbcnews.com/tech/tech-news/trump-says-elon-musk-will-lead-department-government-efficiency-vivek-rcna179899

TechCrunch. ""Donald Trump Announces Elon Musk Will Co-Lead Department of Government Efficiency."" November 12, 2024. https://techcrunch.com/2024/11/12/donald-trump-announces-elon-musk-will-co-lead-department-of-government-efficiency/

WIRED. ""Donald Trump Taps Elon Musk, Vivek Ramaswamy to Lead Nonexistent Department of Government Efficiency."" November 12, 2024. https://www.wired.com/story/donald-trump-elon-musk-department-of-government-efficiency/

NPR. ""Trump Appoints Elon Musk to Lead So-Called 'DOGE' with Vivek Ramaswamy."" November 12, 2024. https://www.npr.org/2024/11/12/g-s1-33972/trump-elon-musk-vivek-ramaswamy-doge-government-efficiency-deep-state

Sky News. ""Elon Musk Picked to Head Up Trump's New Efficiency Department."" November 12, 2024. https://news.sky.com/story/donald-trump-confirms-elon-musk-will-co-lead-new-department-of-government-efficiency-13253406"
Open Perplex,Open Perplex web UI,Web UI,"On November 13, 2024, President-elect Donald Trump officially announced the formation of a new agency called the Department of Government Efficiency (DOGE), which will be co-led by tech entrepreneurs Elon Musk and Vivek Ramaswamy. This new department aims to significantly reduce government spending and streamline federal operations, reflecting Trump's long-standing campaign pledge to ""drain the swamp"" and enhance government efficiency.
Key Points about the Department of Government Efficiency:
Leadership:
Elon Musk, currently the CEO of Tesla and SpaceX, and a prominent supporter of Trump, is expected to leverage his extensive experience in the private sector to identify inefficiencies and recommend reforms.
Vivek Ramaswamy, a former Republican presidential candidate and founder of a pharmaceutical company, will join Musk in this initiative.
Objectives:
The DOGE's primary mission will be to conduct a comprehensive financial and performance audit of the federal government, aiming to propose drastic reforms. This includes slashing unnecessary regulations, cutting wasteful expenditures, and restructuring federal agencies. Trump has claimed that substantial savings could be found, potentially exceeding $2 trillion based on initial estimates from Musk source.
Inspiration and Vision:
The idea for this department was reportedly inspired by discussions between Trump and Musk on Musk’s social media platform X. Trump described the initiative as potentially comparable to historical efforts like the Manhattan Project, emphasizing its ambition to effect radical change in government efficiency source.
Musk has already stated that this initiative is designed to create significant waves in governmental operations, tackling what he sees as widespread inefficiency and waste among federal programs source.
Timeline and Expected Outcomes:
Trump indicated that Musk and Ramaswamy would aim to present their findings and recommendations by July 4, 2026, marking the 250th anniversary of the Declaration of Independence. This timeframe suggests a focused effort on achieving substantial progress within the incoming administration’s term source.
Criticism and Discussion:
Critics of the initiative point out that there are already established nonpartisan watchdogs like the Government Accountability Office (GAO) that perform similar audits and oversight functions. The introduction of DOGE raises questions about its unique contributions and the potential overlap with existing entities source.
This initiative illustrates Trump's continued focus on reshaping the federal government through private sector insights, indicating a potentially transformative approach to governance in the upcoming administration.
"
